Workbook

Sheet Asistencias
A1: matricula | B1: Nombre | C1: ASISTENCIA | D1: ASISTENCIA | E1: ASISTENCIA | F1: ASISTENCIA | G1: ASISTENCIA | H1: ASISTENCIA | I1: ASISTENCIA | J1: ASISTENCIA | K1: ASISTENCIA | L1: ASISTENCIA | M1: ASISTENCIA | N1: ASISTENCIA | O1: ASISTENCIA | P1: ASISTENCIA | Q1: ASISTENCIA | R1: ASISTENCIA | S1: ASISTENCIA | T1: ASISTENCIA | U1: ASISTENCIA | V1: ASISTENCIA | W1: ASISTENCIA | X1: ASISTENCIA | Y1: ASISTENCIA | Z1: ASISTENCIA | AA1: ASISTENCIA | AB1: ASISTENCIA | AC1: ASISTENCIA | AD1: ASISTENCIA | AE1: ASISTENCIA | AF1: ASISTENCIA | AG1: ASISTENCIA | AH1: ASISTENCIA | AI1: ASISTENCIA | AJ1: ASISTENCIA | AK1: ASISTENCIA | AL1: ASISTENCIA | AM1: ASISTENCIA | AN1: ASISTENCIA | AO1: ASISTENCIA | AP1: ASISTENCIA | AQ1: ASISTENCIA | AR1: ASISTENCIA | AS1: ASISTENCIA | AT1: ASISTENCIA | AU1: ASISTENCIA | AV1: ASISTENCIA | AW1: ASISTENCIA | AX1: ASISTENCIA | AY1: ASISTENCIA | AZ1: ASISTENCIA | BA1: ASISTENCIA | BB1: ASISTENCIA | BC1: ASISTENCIA | BD1: ASISTENCIA | BE1: ASISTENCIA | BF1: ASISTENCIA | BG1: ASISTENCIA | BH1: ASISTENCIA | BI1: ASISTENCIA | BJ1: ASISTENCIA | BK1: ASISTENCIA | BL1: ASISTENCIA | BM1: ASISTENCIA | BN1: ASISTENCIA | BO1: ASISTENCIA | BP1: ASISTENCIA | BQ1: ASISTENCIA | BR1: ASISTENCIA | BS1: ASISTENCIA | BT1: ASISTENCIA | BU1: ASISTENCIA | BV1: ASISTENCIA | BW1: ASISTENCIA | BX1: ASISTENCIA | BY1: ASISTENCIA | BZ1: ASISTENCIA | CA1: ASISTENCIA | CB1: ASISTENCIA | CC1: ASISTENCIA | CD1: ASISTENCIA | CE1: ASISTENCIA | CF1: ASISTENCIA

Sheet Trabajos
A1: matricula | B1: Nombre | C1: Trabajo1 | D1: Trabajo2 | E1: Trabajo3 | F1: Trabajo4 | G1: Trabajo5 | H1: Trabajo6 | I1: Trabajo7 | J1: Trabajo8 | K1: Trabajo9 | L1: Trabajo10 | M1: Trabajo11 | N1: Trabajo12 | O1: Trabajo13 | P1: Trabajo14 | Q1: Trabajo15 | R1: Trabajo16 | S1: Trabajo17 | T1: Trabajo18 | U1: Trabajo19 | V1: Trabajo20 | W1: Trabajo21 | X1: Trabajo22 | Y1: Trabajo23 | Z1: Trabajo24 | AA1: Trabajo25

Sheet Calificaciones
A1: matricula | B1: Nombre | C1: materia | D1: parcial | E1: desempeno | F1: pDesempeno | G1: producto | H1: pProducto | I1: actitud | J1: pActitud | K1: conocimiento | L1: pConocimiento | M1: faltas | N1: asistencias | O1: calificacion | P1: porcentaje total%
G2: =AVERAGE(Trabajos!C2:EZ2) -> #DIV/0! | M2: =COUNTIF(Asistencias!C2:AT2,0) -> 0 | N2: =SUM(Asistencias!C2:AT2) -> 0 | O2: =AVERAGE(E2,G2,I2,K2) -> #DIV/0! | P2: =SUM(F2,H2,J2,L2) -> 0
G3: =AVERAGE(Trabajos!C3:EZ3) -> #DIV/0! | M3: =COUNTIF(Asistencias!C3:AT3,0) -> 0 | N3: =SUM(Asistencias!C3:AT3) -> 0 | O3: =AVERAGE(E3,G3,I3,K3) -> #DIV/0! | P3: =SUM(F3,H3,J3,L3) -> 0
G4: =AVERAGE(Trabajos!C4:EZ4) -> #DIV/0! | M4: =COUNTIF(Asistencias!C4:AT4,0) -> 0 | N4: =SUM(Asistencias!C4:AT4) -> 0 | O4: =AVERAGE(E4,G4,I4,K4) -> #DIV/0! | P4: =SUM(F4,H4,J4,L4) -> 0
G5: =AVERAGE(Trabajos!C5:EZ5) -> #DIV/0! | M5: =COUNTIF(Asistencias!C5:AT5,0) -> 0 | N5: =SUM(Asistencias!C5:AT5) -> 0 | O5: =AVERAGE(E5,G5,I5,K5) -> #DIV/0! | P5: =SUM(F5,H5,J5,L5) -> 0
G6: =AVERAGE(Trabajos!C6:EZ6) -> #DIV/0! | M6: =COUNTIF(Asistencias!C6:AT6,0) -> 0 | N6: =SUM(Asistencias!C6:AT6) -> 0 | O6: =AVERAGE(E6,G6,I6,K6) -> #DIV/0! | P6: =SUM(F6,H6,J6,L6) -> 0
G7: =AVERAGE(Trabajos!C7:EZ7) -> #DIV/0! | M7: =COUNTIF(Asistencias!C7:AT7,0) -> 0 | N7: =SUM(Asistencias!C7:AT7) -> 0 | O7: =AVERAGE(E7,G7,I7,K7) -> #DIV/0! | P7: =SUM(F7,H7,J7,L7) -> 0
G8: =AVERAGE(Trabajos!C8:EZ8) -> #DIV/0! | M8: =COUNTIF(Asistencias!C8:AT8,0) -> 0 | N8: =SUM(Asistencias!C8:AT8) -> 0 | O8: =AVERAGE(E8,G8,I8,K8) -> #DIV/0! | P8: =SUM(F8,H8,J8,L8) -> 0
G9: =AVERAGE(Trabajos!C9:EZ9) -> #DIV/0! | M9: =COUNTIF(Asistencias!C9:AT9,0) -> 0 | N9: =SUM(Asistencias!C9:AT9) -> 0 | O9: =AVERAGE(E9,G9,I9,K9) -> #DIV/0! | P9: =SUM(F9,H9,J9,L9) -> 0
G10: =AVERAGE(Trabajos!C10:EZ10) -> #DIV/0! | M10: =COUNTIF(Asistencias!C10:AT10,0) -> 0 | N10: =SUM(Asistencias!C10:AT10) -> 0 | O10: =AVERAGE(E10,G10,I10,K10) -> #DIV/0! | P10: =SUM(F10,H10,J10,L10) -> 0
G11: =AVERAGE(Trabajos!C11:EZ11) -> #DIV/0! | M11: =COUNTIF(Asistencias!C11:AT11,0) -> 0 | N11: =SUM(Asistencias!C11:AT11) -> 0 | O11: =AVERAGE(E11,G11,I11,K11) -> #DIV/0! | P11: =SUM(F11,H11,J11,L11) -> 0
G12: =AVERAGE(Trabajos!C12:EZ12) -> #DIV/0! | M12: =COUNTIF(Asistencias!C12:AT12,0) -> 0 | N12: =SUM(Asistencias!C12:AT12) -> 0 | O12: =AVERAGE(E12,G12,I12,K12) -> #DIV/0! | P12: =SUM(F12,H12,J12,L12) -> 0
G13: =AVERAGE(Trabajos!C13:EZ13) -> #DIV/0! | M13: =COUNTIF(Asistencias!C13:AT13,0) -> 0 | N13: =SUM(Asistencias!C13:AT13) -> 0 | O13: =AVERAGE(E13,G13,I13,K13) -> #DIV/0! | P13: =SUM(F13,H13,J13,L13) -> 0
... G95: =AVERAGE(Trabajos!C95:EZ95) -> #DIV/0! | M95: =COUNTIF(Asistencias!C95:AT95,0) -> 0 | N95: =SUM(Asistencias!C95:AT95) -> 0 | O95: =AVERAGE(E95,G95,I95,K95) -> #DIV/0! | P95: =SUM(F95,H95,J95,L95) -> 0
